{"cameraMode":{"drawMode":0,"name":"Shaded","section":"Shading Mode"},"sceneLighting":false,"audioPlay":false,"sceneViewState":{"showFog":true,"showMaterialUpdate":false,"showSkybox":false,"showFlares":true,"showImageEffects":true,"showParticleSystems":true},"in2DMode":false,"pivot":{"x":1257.8070068359375,"y":2.7822020053863527,"z":464.6674499511719},"rotation":{"x":0.17295709252357484,"y":0.6049401760101318,"z":-0.13674455881118775,"w":0.7651469707489014},"size":5.778799533843994,"orthographic":false}